{
  "root" : {
    "__class" : "RootNode",
    "children" : [
      {
        "__class" : "FrameNode",
        "aspectRatio" : null,
        "blendingEnabled" : 0,
        "blendingMode" : "normal",
        "blur" : 12,
        "blurEnabled" : 0,
        "blurType" : "layer",
        "borderBottom" : 1,
        "borderColor" : "#222",
        "borderEnabled" : 0,
        "borderLeft" : 1,
        "borderPerSide" : false,
        "borderRight" : 1,
        "borderStyle" : "solid",
        "borderTop" : 1,
        "borderWidth" : 1,
        "bottom" : null,
        "boxShadows" : [

        ],
        "brightness" : 100,
        "brightnessEnabled" : 0,
        "centerAnchorX" : 0,
        "centerAnchorY" : 0,
        "children" : [

        ],
        "clip" : true,
        "codeOverrideEnabled" : false,
        "codeOverrideFile" : null,
        "codeOverrideIdentifier" : null,
        "codeOverrideName" : null,
        "constraintsLocked" : false,
        "contrast" : 100,
        "contrastEnabled" : 0,
        "deviceType" : "framer\/FramerAppleIPhoneXS",
        "exportOptions" : [

        ],
        "fillColor" : "hsl(0, 0%, 100%)",
        "fillEnabled" : true,
        "fillImage" : null,
        "fillImageOriginalName" : null,
        "fillImagePixelHeight" : null,
        "fillImagePixelWidth" : null,
        "fillImageResize" : "fill",
        "fillLinearGradient" : {
          "__class" : "LinearGradient",
          "alpha" : 1,
          "angle" : 180,
          "stops" : [
            {
              "__class" : "GradientColorStop",
              "position" : 0,
              "value" : "rgba(0,0,0,0)"
            },
            {
              "__class" : "GradientColorStop",
              "position" : 1,
              "value" : "black"
            }
          ]
        },
        "fillType" : "color",
        "grayscale" : 0,
        "grayScaleEnabled" : 0,
        "guidesX" : [

        ],
        "guidesY" : [

        ],
        "height" : 812,
        "heightType" : 0,
        "hueRotate" : 0,
        "hueRotateEnabled" : 0,
        "id" : "tuJjaGCs4",
        "intrinsicHeight" : null,
        "intrinsicWidth" : null,
        "invert" : 0,
        "invertEnabled" : 0,
        "isExternalMaster" : null,
        "isMaster" : false,
        "isTarget" : false,
        "left" : 0,
        "locked" : false,
        "name" : "Main",
        "navigationTarget" : null,
        "navigationTransition" : "push",
        "navigationTransitionBackdropColor" : "rgba(4,4,15,.4)",
        "navigationTransitionDirection" : "left",
        "opacity" : 1,
        "originalid" : null,
        "parentid" : "W5DhjkHFV",
        "previewSettings" : {
          "__class" : "PreviewSettings",
          "bezel" : false,
          "deviceType" : "framer\/FramerAppleIPhoneXS",
          "hand" : null,
          "responsive" : false,
          "rotate" : false,
          "skin" : "",
          "touch" : true,
          "zoom" : -1
        },
        "radius" : 0,
        "radiusBottomLeft" : 0,
        "radiusBottomRight" : 0,
        "radiusIsRelative" : false,
        "radiusPerCorner" : false,
        "radiusTopLeft" : 0,
        "radiusTopRight" : 0,
        "replicaInfo" : null,
        "right" : null,
        "rotation" : 0,
        "saturate" : 100,
        "saturateEnabled" : 0,
        "sepia" : 0,
        "sepiaEnabled" : 0,
        "top" : 0,
        "visible" : true,
        "width" : 375,
        "widthType" : 0
      }
    ],
    "guidesX" : [

    ],
    "guidesY" : [

    ],
    "id" : "W5DhjkHFV",
    "name" : null,
    "originalid" : null,
    "parentid" : null,
    "tokens" : {

    },
    "tokensIndex" : [

    ],
    "visible" : false
  },
  "version" : 55
}